{
"name": "Godot_NodeShape",
"flags": {
	"0": { "outline": [[0.547185,0.838792],[0.591793,0.925093],[0.657103,0.907891],[0.713957,0.884566],[0.705472,0.785111],[0.747778,0.758321],[0.794015,0.723337],[0.871232,0.769667],[0.916299,0.718377],[0.954202,0.662106],[0.900681,0.5834],[0.855577,0.5834],[0.835465,0.5834],[0.835334,0.58369],[0.820429,0.61],[0.803086,0.635016],[0.783436,0.658548],[0.76163,0.680416],[0.737831,0.700455],[0.712223,0.718512],[0.685,0.734449],[0.656369,0.748145],[0.626547,0.759495],[0.595763,0.768415],[0.56425,0.774835],[0.532248,0.778706],[0.522244,0.779108],[0.522244,0.805622],[0.522244,0.840671]] },
	"1": { "outline": [[0.127836,0.769159],[0.209287,0.720881],[0.250753,0.756127],[0.294589,0.783672],[0.288497,0.884979],[0.345551,0.909115],[0.406603,0.92485],[0.453303,0.838208],[0.477756,0.840015],[0.477756,0.805622],[0.477756,0.779108],[0.467752,0.778706],[0.43575,0.774835],[0.404237,0.768415],[0.373453,0.759495],[0.343631,0.748145],[0.315,0.734449],[0.287777,0.718512],[0.262169,0.700455],[0.23837,0.680416],[0.216564,0.658548],[0.196914,0.635016],[0.179571,0.61],[0.164666,0.58369],[0.164535,0.5834],[0.144423,0.5834],[0.103219,0.5834],[0.046549,0.659503],[0.084888,0.717326]] },
	"2": { "outline": [[0.102613,0.259111],[0.107063,0.234432],[0.113379,0.217387],[0.12446,0.198425],[0.141249,0.176376],[0.154352,0.163111],[0.175104,0.147148],[0.197453,0.131717],[0.232075,0.115083],[0.26788,0.102339],[0.314406,0.088584],[0.362409,0.080101],[0.403382,0.07478],[0.44488,0.070985],[0.485,0.0700932],[0.485,0.281287],[0.436373,0.281241],[0.427483,0.218654],[0.422224,0.209146],[0.415751,0.206112],[0.252304,0.21744],[0.243201,0.222497],[0.238346,0.229779],[0.233694,0.29795],[0.101804,0.310289]] },
	"3": { "outline": [[0.896653,0.262085],[0.899313,0.288159],[0.898249,0.311572],[0.7653,0.297747],[0.761496,0.232819],[0.758835,0.222708],[0.750321,0.217387],[0.585847,0.205948],[0.577782,0.210158],[0.572927,0.217238],[0.563824,0.281362],[0.515,0.281316],[0.515,0.0701677],[0.549714,0.071056],[0.607182,0.076377],[0.64443,0.081698],[0.678486,0.088083],[0.70421,0.093641],[0.73516,0.102542],[0.777459,0.118946],[0.798744,0.130652],[0.815239,0.140231],[0.841967,0.159788],[0.86313,0.180671],[0.881008,0.208539],[0.89346,0.238672]] }
},
"outline": [[0.10139,0.342266],[0.104141,0.571899],[0.103844,0.582561],[0.046549,0.659503],[0.084888,0.717326],[0.127836,0.769159],[0.209287,0.720881],[0.250753,0.756127],[0.294589,0.783672],[0.288497,0.884979],[0.345551,0.909115],[0.406603,0.92485],[0.453303,0.838208],[0.504617,0.841999],[0.547185,0.838792],[0.591793,0.925093],[0.657103,0.907891],[0.713957,0.884566],[0.705472,0.785111],[0.747778,0.758321],[0.794015,0.723337],[0.871232,0.769667],[0.916299,0.718377],[0.954202,0.662106],[0.89968,0.581927],[0.898001,0.342397],[0.744862,0.327104],[0.73874,0.323023],[0.735532,0.315151],[0.731211,0.247677],[0.603164,0.240511],[0.593249,0.302244],[0.588586,0.309902],[0.580894,0.313569],[0.427646,0.313984],[0.413067,0.311652],[0.407819,0.299698],[0.397615,0.24022],[0.268745,0.248966],[0.26583,0.311069],[0.262914,0.321565],[0.252418,0.327688],[0.101804,0.310289],[0.102613,0.259111],[0.107063,0.234432],[0.113379,0.217387],[0.12446,0.198425],[0.141249,0.176376],[0.154352,0.163111],[0.175104,0.147148],[0.197453,0.131717],[0.232075,0.115083],[0.26788,0.102339],[0.314406,0.088584],[0.362409,0.080101],[0.403382,0.07478],[0.44488,0.070985],[0.499497,0.069771],[0.549714,0.071056],[0.607182,0.076377],[0.64443,0.081698],[0.678486,0.088083],[0.70421,0.093641],[0.73516,0.102542],[0.777459,0.118946],[0.798744,0.130652],[0.815239,0.140231],[0.841967,0.159788],[0.86313,0.180671],[0.881008,0.208539],[0.89346,0.238672],[0.896653,0.262085],[0.899313,0.288159],[0.898249,0.311572],[0.7653,0.297747],[0.761496,0.232819],[0.758835,0.222708],[0.750321,0.217387],[0.585847,0.205948],[0.577782,0.210158],[0.572927,0.217238],[0.563824,0.281362],[0.436373,0.281241],[0.427483,0.218654],[0.422224,0.209146],[0.415751,0.206112],[0.252304,0.21744],[0.243201,0.222497],[0.238346,0.229779],[0.233694,0.29795]],
"inputs": [[0.012,0.76,140.142],[0.0624042,0.820373,135.115],[0.128163,0.876632,125.745],[0.207689,0.924943,116.628],[0.298456,0.962013,107.673],[0.397171,0.985316,98.8141],[0.5,0.993264,90],[0.602829,0.985316,81.1859],[0.701544,0.962013,72.327],[0.792311,0.924943,63.3719],[0.871837,0.876632,54.2554],[0.937596,0.820373,44.8847],[0.988,0.76,39.8578]],
"outputs": [[0.1,0.083,250.723],[0.156537,0.0632262,252.076],[0.218102,0.0448,254.98],[0.284177,0.028977,258.367],[0.353933,0.0168357,262.079],[0.426293,0.00920327,265.992],[0.5,0.00659999,270],[0.573707,0.00920327,274.008],[0.646067,0.0168357,277.921],[0.715823,0.028977,281.633],[0.781898,0.0448,285.02],[0.843463,0.0632262,287.924],[0.9,0.083,289.277]],
"icon": [[0.365,0.395],[0.635,0.665]]
}